playlistId,tracks_per_playlist
2z1auUTY8vcjVwAt45qI5f,1000
4gB37CyAdCbncsxN9lkWUc,1000
7ciXha49yl0pRP5JxFBGpM,1000
4toT0yI43PvgTPhbFPHkv2,1000
5NELZ2tP428zwGxQ2XgeSo,1000
5TntJWkjK6r3whdE2tfRF7,1000
5jEU3ul9s8cCAv3s2o0Dje,1000
34yhmcStgwNCYdKZtfQMPW,1000
32i36X3KDvN9h1GgQYGutJ,1000
0bRk474nApLnWeA2U7WMgu,1000
5xBqH6hK8N8eQhJjsIYb0r,1000
2oyA3JCLleqfQ5GBMNGmso,1000
6GXBw4Y5T77dhX4XvCIbtp,1000
6JTHVCLtUSVUwxqoFXKqC3,1000
6MHVjouCgTnyW0hz5F8AGb,1000
0uEXhUPAWyETYo8tfKvddX,1000
2EGSaBuNHzfsXYVhBpEQ2J,1000
6XwlbBHdcyfE0gC5qaNd6M,1000
27bzGnWkZwpeLy5ppR34FU,1000
1y1ZxCPZFVwynvQItCMZHU,1000
